{
  "model_id": "HuggingFaceTB/SmolLM2-360M-Instruct",
  "invoc_type": "generic",
  "invoc_seq": "<|im_start|>assistant\n",
  "n_test": 84,
  "weighted_f1": 0.8171992481203008,
  "report": {
    "UNANSWERABLE": {
      "precision": 0.6666666666666666,
      "recall": 0.15384615384615385,
      "f1-score": 0.25,
      "support": 13.0
    },
    "ANSWERABLE": {
      "precision": 0.8641975308641975,
      "recall": 0.9859154929577465,
      "f1-score": 0.9210526315789473,
      "support": 71.0
    },
    "accuracy": 0.8571428571428571,
    "macro avg": {
      "precision": 0.7654320987654321,
      "recall": 0.5698808234019501,
      "f1-score": 0.5855263157894737,
      "support": 84.0
    },
    "weighted avg": {
      "precision": 0.8336272780717224,
      "recall": 0.8571428571428571,
      "f1-score": 0.8171992481203008,
      "support": 84.0
    }
  }
}