{
  "model_id": "Qwen/Qwen2.5-0.5B-Instruct",
  "invoc_type": "baseline",
  "invoc_seq": "<|im_start|>answerability\n",
  "n_eval": 221,
  "weighted_f1": 0.8674246169055859,
  "report": {
    "UNANSWERABLE": {
      "precision": 0.8787878787878788,
      "recall": 0.5576923076923077,
      "f1-score": 0.6823529411764706,
      "support": 52.0
    },
    "ANSWERABLE": {
      "precision": 0.8776595744680851,
      "recall": 0.9763313609467456,
      "f1-score": 0.9243697478991597,
      "support": 169.0
    },
    "accuracy": 0.8778280542986425,
    "macro avg": {
      "precision": 0.878223726627982,
      "recall": 0.7670118343195267,
      "f1-score": 0.8033613445378152,
      "support": 221.0
    },
    "weighted avg": {
      "precision": 0.8779250578374483,
      "recall": 0.8778280542986425,
      "f1-score": 0.8674246169055859,
      "support": 221.0
    }
  }
}