{
  "model_id": "Qwen/Qwen2.5-0.5B-Instruct",
  "invoc_type": "baseline",
  "invoc_seq": "<|im_start|>answerability\n",
  "n_eval": 194,
  "weighted_f1": 0.9844285337201194,
  "report": {
    "UNANSWERABLE": {
      "precision": 0.9655172413793104,
      "recall": 0.9333333333333333,
      "f1-score": 0.9491525423728814,
      "support": 30.0
    },
    "ANSWERABLE": {
      "precision": 0.9878787878787879,
      "recall": 0.9939024390243902,
      "f1-score": 0.9908814589665653,
      "support": 164.0
    },
    "accuracy": 0.9845360824742269,
    "macro avg": {
      "precision": 0.9766980146290491,
      "recall": 0.9636178861788618,
      "f1-score": 0.9700170006697233,
      "support": 194.0
    },
    "weighted avg": {
      "precision": 0.9844208167706213,
      "recall": 0.9845360824742269,
      "f1-score": 0.9844285337201194,
      "support": 194.0
    }
  }
}