{
  "model_id": "Qwen/Qwen2.5-0.5B-Instruct",
  "invoc_type": "descriptive",
  "invoc_seq": "<|im_start|>determine if the question is answerable given the documents\n",
  "n_eval": 194,
  "weighted_f1": 0.9948095112400398,
  "report": {
    "UNANSWERABLE": {
      "precision": 1.0,
      "recall": 0.9666666666666667,
      "f1-score": 0.9830508474576272,
      "support": 30.0
    },
    "ANSWERABLE": {
      "precision": 0.9939393939393939,
      "recall": 1.0,
      "f1-score": 0.9969604863221885,
      "support": 164.0
    },
    "accuracy": 0.9948453608247423,
    "macro avg": {
      "precision": 0.996969696969697,
      "recall": 0.9833333333333334,
      "f1-score": 0.9900056668899078,
      "support": 194.0
    },
    "weighted avg": {
      "precision": 0.994876601062168,
      "recall": 0.9948453608247423,
      "f1-score": 0.9948095112400398,
      "support": 194.0
    }
  }
}