{
  "model_id": "Qwen/Qwen2.5-0.5B-Instruct",
  "invoc_type": "generic",
  "invoc_seq": "<|im_start|>assistant\n",
  "n_eval": 221,
  "weighted_f1": 0.8560159036934236,
  "report": {
    "UNANSWERABLE": {
      "precision": 0.8709677419354839,
      "recall": 0.5192307692307693,
      "f1-score": 0.6506024096385542,
      "support": 52.0
    },
    "ANSWERABLE": {
      "precision": 0.868421052631579,
      "recall": 0.9763313609467456,
      "f1-score": 0.9192200557103064,
      "support": 169.0
    },
    "accuracy": 0.8687782805429864,
    "macro avg": {
      "precision": 0.8696943972835314,
      "recall": 0.7477810650887574,
      "f1-score": 0.7849112326744303,
      "support": 221.0
    },
    "weighted avg": {
      "precision": 0.8690202736442625,
      "recall": 0.8687782805429864,
      "f1-score": 0.8560159036934236,
      "support": 221.0
    }
  }
}