{
  "model_id": "Qwen/Qwen2.5-0.5B-Instruct",
  "invoc_type": "shorter",
  "invoc_seq": "<|im_start|>check\n",
  "n_eval": 221,
  "weighted_f1": 0.8534791496948924,
  "report": {
    "UNANSWERABLE": {
      "precision": 0.8235294117647058,
      "recall": 0.5384615384615384,
      "f1-score": 0.6511627906976745,
      "support": 52.0
    },
    "ANSWERABLE": {
      "precision": 0.8716577540106952,
      "recall": 0.9644970414201184,
      "f1-score": 0.9157303370786517,
      "support": 169.0
    },
    "accuracy": 0.8642533936651584,
    "macro avg": {
      "precision": 0.8475935828877006,
      "recall": 0.7514792899408285,
      "f1-score": 0.7834465638881631,
      "support": 221.0
    },
    "weighted avg": {
      "precision": 0.8603334381881095,
      "recall": 0.8642533936651584,
      "f1-score": 0.8534791496948924,
      "support": 221.0
    }
  }
}