{
  "model_id": "Qwen/Qwen2.5-0.5B-Instruct",
  "invoc_type": "shorter",
  "invoc_seq": "<|im_start|>check\n",
  "n_eval": 194,
  "weighted_f1": 0.9790884314169065,
  "report": {
    "UNANSWERABLE": {
      "precision": 0.9642857142857143,
      "recall": 0.9,
      "f1-score": 0.9310344827586207,
      "support": 30.0
    },
    "ANSWERABLE": {
      "precision": 0.9819277108433735,
      "recall": 0.9939024390243902,
      "f1-score": 0.9878787878787879,
      "support": 164.0
    },
    "accuracy": 0.979381443298969,
    "macro avg": {
      "precision": 0.9731067125645438,
      "recall": 0.9469512195121952,
      "f1-score": 0.9594566353187043,
      "support": 194.0
    },
    "weighted avg": {
      "precision": 0.9791995670457972,
      "recall": 0.979381443298969,
      "f1-score": 0.9790884314169065,
      "support": 194.0
    }
  }
}